hsanum,hsacity,hsastate,cursmok_num,cursmok_denom,cursmok_pct,cursmok_pct_se,cursmok_state,cursmok_state_se,obese_num,obese_denom,obese_pct,obese_pct_se,obese_state,obese_state_se,pdiet_num,pdiet_denom,pdiet_pct,pdiet_pct_se,pdiet_state,pdiet_state_se,inactive_num,inactive_denom,inactive_pct,inactive_pct_se,inactive_state,inactive_state_se,alcohol_num,alcohol_denom,alcohol_pct,alcohol_pct_se,alcohol_state,alcohol_state_se,hypsr_num,hypsr_denom,hypsr_pct,hypsr_pct_se,hypsr_state,hypsr_state_se,cholsr_num,cholsr_denom,cholsr_pct,cholsr_pct_se,cholsr_state,cholsr_state_se,dbsr_num,dbsr_denom,dbsr_pct,dbsr_pct_se,dbsr_state,dbsr_state_se,strokesr_num,strokesr_denom,strokesr_pct,strokesr_pct_se,strokesr_state,strokesr_state_se,misr_num,misr_denom,misr_pct,misr_pct_se,misr_state,misr_state_se,chdsr_num,chdsr_denom,chdsr_pct,chdsr_pct_se,chdsr_state,chdsr_state_se,copdsr_num,copdsr_denom,copdsr_pct,copdsr_pct_se,copdsr_state,copdsr_state_se,lowgenhlth_num,lowgenhlth_denom,lowgenhlth_pct,lowgenhlth_pct_se,lowgenhlth_state,lowgenhlth_state_se,bpmed_num,bpmed_denom,bpmed_pct,bpmed_pct_se,bpmed_state,bpmed_state_se,age65_num,age65_denom,age65_pct,age65_pct_se,age65_state,age65_state_se,nohs_num,nohs_denom,nohs_pct,nohs_pct_se,nohs_state,nohs_state_se,poor_num,poor_denom,poor_pct,poor_pct_se,poor_state,poor_state_se,female_num,female_denom,female_pct,female_pct_se,female_state,female_state_se,uninsured_num,uninsured_denom,uninsured_pct,uninsured_pct_se,uninsured_state,uninsured_state_se,nodoc_num,nodoc_denom,nodoc_pct,nodoc_pct_se,nodoc_state,nodoc_state_se,medcost_num,medcost_denom,medcost_pct,medcost_pct_se,medcost_state,medcost_state_se
20001,Augusta,ME,430,2221,23.7,1.3,20.6,0.3076993067,670,2166,30.9,1.3,28.5,0.3157733035,662,1112,62.1,2,60.6,0.4760612294,300,1072,27.8,1.8,26.5,0.447828905,124,2176,6.1,0.8,7.1,0.1886627774,480,1163,34,1.8,33,0.4277066342,478,1060,38.3,1.9,40.5,0.4788523038,293,2232,11,0.8,9.6,0.1805805997,74,2223,2.7,0.4,2.8,0.101079311,171,2220,6.9,0.7,5.4,0.1423418332,161,2211,5.8,0.6,5.2,0.1323174942,235,2217,8.4,0.7,7.7,0.1740288112,395,2224,16.2,1,15.5,0.2489108411,81,479,21.6,2.8,21.1,0.683113719,708,2227,21.5,1,21.8,0.2235318975,118,2227,9.5,1.1,9.8,0.2718125138,229,2050,11,0.9,11.9,0.2449268988,1308,2234,51,1.4,51.8,0.3466066631,172,2228,11.2,1,12,0.2507097598,170,2223,11.7,1.1,12,0.2576709594,202,2228,11.6,1,10.8,0.2328670456
20002,Bangor,ME,604,3407,22.4,1,20.6,0.3076993067,961,3324,29.3,1,28.5,0.3157733035,1015,1697,63.5,1.5,60.6,0.4760612294,495,1663,30.2,1.5,26.5,0.447828905,200,3336,6.3,0.6,7.1,0.1886627774,726,1799,32.9,1.4,33,0.4277066342,760,1608,41.3,1.6,40.5,0.4788523038,402,3449,8.8,0.5,9.6,0.1805805997,138,3446,3,0.3,2.8,0.101079311,242,3430,5.3,0.4,5.4,0.1423418332,231,3424,4.9,0.4,5.2,0.1323174942,322,3432,7.7,0.6,7.7,0.1740288112,600,3422,16.5,0.9,15.5,0.2489108411,119,726,19.8,2.1,21.1,0.683113719,1016,3442,18.3,0.7,21.8,0.2235318975,165,3445,9.5,0.9,9.8,0.2718125138,426,3103,13.4,0.8,11.9,0.2449268988,2006,3452,50.5,1.1,51.8,0.3466066631,305,3440,12.5,0.9,12,0.2507097598,343,3437,14.2,0.9,12,0.2576709594,314,3448,11.3,0.8,10.8,0.2328670456
20003,Bar Harbor,ME,47,367,15.3,2.6,20.6,0.3076993067,54,360,16.3,2.6,28.5,0.3157733035,80,181,46.3,6.1,60.6,0.4760612294,36,180,16.4,3.2,26.5,0.447828905,48,360,13.9,2.4,7.1,0.1886627774,56,191,23.1,3.8,33,0.4277066342,68,167,34.7,4.3,40.5,0.4788523038,25,370,4.6,1.1,9.6,0.1805805997,16,370,3.4,0.9,2.8,0.101079311,15,370,2.2,0.6,5.4,0.1423418332,13,369,2.2,0.8,5.2,0.1323174942,22,367,4.2,1.3,7.7,0.1740288112,40,369,8.5,1.8,15.5,0.2489108411,8,56,17.8,6.5,21.1,0.683113719,150,369,27.7,2.7,21.8,0.2235318975,11,369,8.4,4,9.8,0.2718125138,33,335,9.2,2.2,11.9,0.2449268988,228,370,56,3.6,51.8,0.3466066631,31,370,12.5,2.5,12,0.2507097598,36,369,16.5,3,12,0.2576709594,34,369,9.5,2,10.8,0.2328670456
20005,Belfast,ME,138,926,18.4,1.9,20.6,0.3076993067,268,916,31,2.2,28.5,0.3157733035,258,475,61.6,3,60.6,0.4760612294,137,474,26.4,2.7,26.5,0.447828905,63,912,7.4,1.3,7.1,0.1886627774,202,507,36.1,3.1,33,0.4277066342,176,454,35.2,3.1,40.5,0.4788523038,121,938,10.8,1.4,9.6,0.1805805997,37,935,3.1,0.6,2.8,0.101079311,76,935,6.8,0.9,5.4,0.1423418332,59,936,5.7,0.9,5.2,0.1323174942,82,933,6.7,1,7.7,0.1740288112,176,933,17.5,1.7,15.5,0.2489108411,37,202,21.1,4.4,21.1,0.683113719,321,932,23.2,1.7,21.8,0.2235318975,55,937,9.2,1.6,9.8,0.2718125138,139,853,12.7,1.5,11.9,0.2449268988,559,938,52.6,2.3,51.8,0.3466066631,92,938,14,1.8,12,0.2507097598,81,937,10.9,1.5,12,0.2576709594,81,938,12,1.6,10.8,0.2328670456
20006,Biddeford,ME,228,1576,18.2,1.4,20.6,0.3076993067,389,1528,25.8,1.4,28.5,0.3157733035,418,771,53.6,2.3,60.6,0.4760612294,195,768,24.6,2.1,26.5,0.447828905,110,1540,7.8,0.9,7.1,0.1886627774,354,838,35.7,2.1,33,0.4277066342,359,763,42.3,2.2,40.5,0.4788523038,211,1596,10,0.8,9.6,0.1805805997,56,1591,2.8,0.5,2.8,0.101079311,109,1589,6.3,0.8,5.4,0.1423418332,102,1582,5.1,0.6,5.2,0.1323174942,139,1587,7.9,0.9,7.7,0.1740288112,222,1580,12.9,1.1,15.5,0.2489108411,55,354,21.1,3.5,21.1,0.683113719,589,1586,25.8,1.2,21.8,0.2235318975,83,1595,9.6,1.3,9.8,0.2718125138,151,1432,9.6,1,11.9,0.2449268988,965,1597,52.6,1.6,51.8,0.3466066631,109,1596,8.9,1,12,0.2507097598,102,1592,9.1,1.1,12,0.2576709594,123,1594,8.8,1,10.8,0.2328670456
20007,Blue Hill,ME,43,378,14.6,2.7,20.6,0.3076993067,69,374,20.9,3,28.5,0.3157733035,88,181,57.8,4.7,60.6,0.4760612294,38,173,25,4.7,26.5,0.447828905,46,368,12.2,2.2,7.1,0.1886627774,57,195,30.2,4.5,33,0.4277066342,60,164,32.4,4.5,40.5,0.4788523038,29,385,5.1,1.1,9.6,0.1805805997,15,386,2.7,0.9,2.8,0.101079311,17,385,2.5,0.7,5.4,0.1423418332,20,384,4,1.1,5.2,0.1323174942,29,385,8.5,2.4,7.7,0.1740288112,41,386,9.8,2.2,15.5,0.2489108411,12,57,23,6.9,21.1,0.683113719,157,385,26.1,2.5,21.8,0.2235318975,15,385,11.2,3.1,9.8,0.2718125138,34,345,9.9,2.6,11.9,0.2449268988,239,386,52.5,3.5,51.8,0.3466066631,49,385,21.1,3.4,12,0.2507097598,40,386,17.1,3.1,12,0.2576709594,29,385,8.9,2.1,10.8,0.2328670456
20008,Boothbay Harbor,ME,30,319,12.4,2.9,20.6,0.3076993067,53,307,18.4,3,28.5,0.3157733035,78,161,52.2,6,60.6,0.4760612294,40,160,23,4.3,26.5,0.447828905,34,309,10.1,2.5,7.1,0.1886627774,74,174,34.7,5,33,0.4277066342,75,158,46.6,5.3,40.5,0.4788523038,37,324,10,2.1,9.6,0.1805805997,9,322,1.1,0.4,2.8,0.101079311,17,323,3.4,1,5.4,0.1423418332,21,323,4.2,1.2,5.2,0.1323174942,26,320,4.6,1.1,7.7,0.1740288112,49,322,13.8,2.7,15.5,0.2489108411,7,74,17.2,7.7,21.1,0.683113719,176,323,37.5,3.5,21.8,0.2235318975,12,324,9.8,3.5,9.8,0.2718125138,24,289,7.8,2.3,11.9,0.2449268988,208,324,59.9,4,51.8,0.3466066631,21,324,9.2,2.8,12,0.2507097598,18,324,4.4,1.4,12,0.2576709594,18,324,8.4,2.6,10.8,0.2328670456
20009,Bridgton,ME,83,563,20.3,2.6,20.6,0.3076993067,159,547,25.8,2.3,28.5,0.3157733035,154,271,59.2,4.2,60.6,0.4760612294,65,268,20.3,3.2,26.5,0.447828905,41,549,8.9,1.8,7.1,0.1886627774,127,297,34.3,3.6,33,0.4277066342,125,271,43.6,4.1,40.5,0.4788523038,60,568,9,1.4,9.6,0.1805805997,26,565,3.4,0.7,2.8,0.101079311,40,566,4.5,0.8,5.4,0.1423418332,41,564,5.3,1,5.2,0.1323174942,44,566,5.2,1,7.7,0.1740288112,77,566,11.4,1.6,15.5,0.2489108411,15,127,18.9,6.1,21.1,0.683113719,204,563,24.8,2.1,21.8,0.2235318975,25,568,7.9,1.9,9.8,0.2718125138,70,515,13,2,11.9,0.2449268988,340,568,50.6,2.8,51.8,0.3466066631,65,565,17.4,2.5,12,0.2507097598,50,564,14.1,2.5,12,0.2576709594,65,565,14.5,2.1,10.8,0.2328670456
20010,Brunswick,ME,292,2491,14.7,1.1,20.6,0.3076993067,536,2427,21.5,1.1,28.5,0.3157733035,609,1263,49.4,1.9,60.6,0.4760612294,278,1231,21.6,1.6,26.5,0.447828905,206,2439,8.8,0.8,7.1,0.1886627774,540,1332,34.2,1.7,33,0.4277066342,511,1209,38.1,1.8,40.5,0.4788523038,248,2505,8.2,0.7,9.6,0.1805805997,72,2503,2,0.3,2.8,0.101079311,136,2500,5,0.6,5.4,0.1423418332,138,2493,5.1,0.6,5.2,0.1323174942,192,2496,6,0.6,7.7,0.1740288112,332,2494,12.6,0.9,15.5,0.2489108411,88,539,18.7,2.3,21.1,0.683113719,977,2499,26.2,1,21.8,0.2235318975,103,2505,6.2,0.8,9.8,0.2718125138,185,2232,7.3,0.8,11.9,0.2449268988,1525,2509,52.7,1.4,51.8,0.3466066631,155,2505,9.2,0.9,12,0.2507097598,141,2502,8.6,0.9,12,0.2576709594,160,2504,7.7,0.8,10.8,0.2328670456
20011,Calais,ME,131,652,22.2,2.2,20.6,0.3076993067,212,655,33.2,2.5,28.5,0.3157733035,212,335,68.6,3.1,60.6,0.4760612294,106,331,29.5,3.1,26.5,0.447828905,51,639,8,1.6,7.1,0.1886627774,165,353,42.5,3.5,33,0.4277066342,156,304,44.8,3.6,40.5,0.4788523038,108,661,13.5,1.6,9.6,0.1805805997,22,661,1.9,0.5,2.8,0.101079311,65,660,7.6,1.3,5.4,0.1423418332,60,660,7.5,1.3,5.2,0.1323174942,82,655,8.6,1.2,7.7,0.1740288112,159,659,20.5,2,15.5,0.2489108411,22,165,19.1,5.2,21.1,0.683113719,249,660,26.4,2,21.8,0.2235318975,40,662,9.6,1.9,9.8,0.2718125138,108,597,15.9,2.1,11.9,0.2449268988,402,662,55.2,2.6,51.8,0.3466066631,62,661,11.4,1.8,12,0.2507097598,87,657,14.9,2.1,12,0.2576709594,43,662,5.8,1.2,10.8,0.2328670456
20012,Caribou,ME,121,499,27.1,2.6,20.6,0.3076993067,168,486,34.1,2.7,28.5,0.3157733035,177,261,70.3,3.4,60.6,0.4760612294,85,244,33,4,26.5,0.447828905,31,483,6.8,1.5,7.1,0.1886627774,116,275,38.2,3.8,33,0.4277066342,131,243,54.2,4,40.5,0.4788523038,89,502,14.9,1.8,9.6,0.1805805997,21,501,3.4,0.8,2.8,0.101079311,55,498,9.8,1.5,5.4,0.1423418332,64,501,11.5,1.7,5.2,0.1323174942,73,502,12.1,1.6,7.7,0.1740288112,130,502,21.9,2.2,15.5,0.2489108411,23,115,33.8,6.3,21.1,0.683113719,150,498,22.1,2.1,21.8,0.2235318975,60,502,17,2.5,9.8,0.2718125138,97,449,19.5,2.4,11.9,0.2449268988,284,503,53,2.8,51.8,0.3466066631,61,502,15,2.2,12,0.2507097598,57,501,15.1,2.3,12,0.2576709594,45,501,10.5,1.8,10.8,0.2328670456
20013,Damariscotta,ME,68,644,14.2,2.3,20.6,0.3076993067,135,640,22.3,2.3,28.5,0.3157733035,156,346,43.6,3.9,60.6,0.4760612294,77,343,20.9,3.1,26.5,0.447828905,74,636,10.7,1.5,7.1,0.1886627774,138,364,28.1,2.9,33,0.4277066342,147,324,43.9,3.3,40.5,0.4788523038,62,654,8.4,1.3,9.6,0.1805805997,24,652,3.1,0.8,2.8,0.101079311,31,653,4.1,0.9,5.4,0.1423418332,42,647,5,1,5.2,0.1323174942,52,648,6.3,1,7.7,0.1740288112,64,649,7.3,1.3,15.5,0.2489108411,21,138,14.8,3.5,21.1,0.683113719,328,652,33.7,2.3,21.8,0.2235318975,13,653,2.9,1.1,9.8,0.2718125138,52,580,10.2,2.2,11.9,0.2449268988,392,654,52.6,2.8,51.8,0.3466066631,36,654,7,1.6,12,0.2507097598,27,653,6.3,1.7,12,0.2576709594,37,653,10.4,2.3,10.8,0.2328670456
20014,Dover-Foxcroft,ME,145,807,24.5,2.4,20.6,0.3076993067,272,781,34.3,2.4,28.5,0.3157733035,265,407,71.4,2.8,60.6,0.4760612294,122,403,34,3.6,26.5,0.447828905,34,783,4.5,1.2,7.1,0.1886627774,197,440,36.7,3.1,33,0.4277066342,183,398,41.5,3.4,40.5,0.4788523038,120,815,11.9,1.4,9.6,0.1805805997,32,814,3.8,0.9,2.8,0.101079311,80,813,8.7,1.3,5.4,0.1423418332,78,803,8.5,1.3,5.2,0.1323174942,100,813,10.7,1.4,7.7,0.1740288112,184,807,21.7,2.1,15.5,0.2489108411,39,197,24.2,4.5,21.1,0.683113719,298,812,26.8,1.9,21.8,0.2235318975,70,815,17,2.4,9.8,0.2718125138,131,741,18.9,2.2,11.9,0.2449268988,472,815,51.7,2.5,51.8,0.3466066631,83,813,10.4,1.5,12,0.2507097598,79,814,12.9,1.9,12,0.2576709594,89,810,12.7,1.7,10.8,0.2328670456
20015,Ellsworth,ME,171,819,26.7,2.2,20.6,0.3076993067,230,796,31.4,2.3,28.5,0.3157733035,241,427,62.7,3.2,60.6,0.4760612294,112,412,28.8,3,26.5,0.447828905,61,798,7.5,1.3,7.1,0.1886627774,195,452,35.6,3.1,33,0.4277066342,200,402,45.1,3.4,40.5,0.4788523038,90,824,10.3,1.4,9.6,0.1805805997,30,823,3.3,0.7,2.8,0.101079311,62,824,6.9,1.2,5.4,0.1423418332,47,818,4.6,1,5.2,0.1323174942,81,820,8.1,1.2,7.7,0.1740288112,146,823,17.5,1.8,15.5,0.2489108411,33,195,29.8,5.6,21.1,0.683113719,284,823,22.8,1.7,21.8,0.2235318975,44,825,10.7,2,9.8,0.2718125138,97,743,12.1,1.7,11.9,0.2449268988,466,825,48.3,2.3,51.8,0.3466066631,109,822,18.8,2.1,12,0.2507097598,86,821,15.1,1.9,12,0.2576709594,77,824,11.3,1.6,10.8,0.2328670456
20016,Farmington,ME,265,1624,22.9,1.7,20.6,0.3076993067,488,1592,32.1,1.7,28.5,0.3157733035,468,828,61.6,2.3,60.6,0.4760612294,216,806,29.6,2.3,26.5,0.447828905,111,1598,9,1.2,7.1,0.1886627774,339,873,33.4,2.2,33,0.4277066342,350,789,42.1,2.5,40.5,0.4788523038,187,1655,10.2,1,9.6,0.1805805997,66,1653,2.9,0.4,2.8,0.101079311,86,1646,4,0.5,5.4,0.1423418332,98,1639,4.5,0.6,5.2,0.1323174942,149,1649,9.1,1,7.7,0.1740288112,259,1650,16.3,1.3,15.5,0.2489108411,56,339,18.6,3.7,21.1,0.683113719,547,1643,21.2,1.1,21.8,0.2235318975,100,1654,10.9,1.4,9.8,0.2718125138,219,1500,14.2,1.4,11.9,0.2449268988,953,1656,48.9,1.7,51.8,0.3466066631,167,1649,13.4,1.4,12,0.2507097598,162,1640,13,1.4,12,0.2576709594,129,1653,9.9,1.2,10.8,0.2328670456
20017,Fort Kent,ME,74,414,21,2.8,20.6,0.3076993067,133,406,34,3,28.5,0.3157733035,138,211,67.8,4,60.6,0.4760612294,53,203,24.1,3.6,26.5,0.447828905,16,394,6.7,2.1,7.1,0.1886627774,85,223,30.4,3.7,33,0.4277066342,85,200,38.7,4.2,40.5,0.4788523038,40,418,8.5,1.5,9.6,0.1805805997,22,419,3.9,1,2.8,0.101079311,26,417,4.6,1,5.4,0.1423418332,29,416,5.9,1.2,5.2,0.1323174942,32,414,7.6,1.7,7.7,0.1740288112,95,419,19.1,2.3,15.5,0.2489108411,9,85,16.1,6.3,21.1,0.683113719,125,416,20.1,2,21.8,0.2235318975,31,419,9.6,2.1,9.8,0.2718125138,63,383,13.3,2.1,11.9,0.2449268988,252,419,56,3,51.8,0.3466066631,45,419,11.4,2.1,12,0.2507097598,30,416,8.2,1.7,12,0.2576709594,41,418,10.6,2.1,10.8,0.2328670456
20035,Greenville,ME,40,202,22.9,4.5,20.6,0.3076993067,50,202,29.7,4.8,28.5,0.3157733035,47,86,58.1,7.2,60.6,0.4760612294,25,85,21.3,5.1,26.5,0.447828905,13,200,7.8,2.8,7.1,0.1886627774,32,90,33.6,6.7,33,0.4277066342,30,80,37.1,7.2,40.5,0.4788523038,29,206,12.8,3.3,9.6,0.1805805997,9,206,4.6,2,2.8,0.101079311,15,203,5.3,1.5,5.4,0.1423418332,16,205,6.1,1.8,5.2,0.1323174942,17,205,7.3,2.6,7.7,0.1740288112,42,206,19.8,3.7,15.5,0.2489108411,1,32,2.8,2.8,21.1,0.683113719,71,205,23.8,3.4,21.8,0.2235318975,16,206,13.5,4.5,9.8,0.2718125138,37,188,13.2,3.2,11.9,0.2449268988,116,206,50.1,4.9,51.8,0.3466066631,29,205,22.1,4.9,12,0.2507097598,29,204,19.7,4.8,12,0.2576709594,14,206,11.4,4.3,10.8,0.2328670456
20018,Houlton,ME,93,476,25.3,2.7,20.6,0.3076993067,148,451,33.1,2.8,28.5,0.3157733035,170,251,71.3,3.5,60.6,0.4760612294,82,245,29.2,3.6,26.5,0.447828905,22,464,4.3,1.1,7.1,0.1886627774,104,267,34,3.6,33,0.4277066342,114,235,45.7,4,40.5,0.4788523038,77,477,13.8,1.9,9.6,0.1805805997,19,477,2,0.5,2.8,0.101079311,35,476,5.2,1,5.4,0.1423418332,29,475,5,1.1,5.2,0.1323174942,45,476,8.4,1.5,7.7,0.1740288112,111,476,19.3,2.1,15.5,0.2489108411,15,104,16.1,4.7,21.1,0.683113719,165,477,22.7,2,21.8,0.2235318975,35,475,11.2,2.4,9.8,0.2718125138,81,419,18.9,2.7,11.9,0.2449268988,302,479,59.4,2.9,51.8,0.3466066631,52,479,12.8,2.1,12,0.2507097598,62,474,16.2,2.4,12,0.2576709594,41,478,8.3,1.6,10.8,0.2328670456
20019,Lewiston,ME,484,2863,22,1.1,20.6,0.3076993067,875,2765,32.7,1.1,28.5,0.3157733035,839,1355,66,1.6,60.6,0.4760612294,358,1311,27.7,1.7,26.5,0.447828905,142,2794,5.7,0.6,7.1,0.1886627774,577,1450,33.1,1.6,33,0.4277066342,591,1322,39.3,1.8,40.5,0.4788523038,340,2891,9.9,0.7,9.6,0.1805805997,118,2885,3.5,0.4,2.8,0.101079311,159,2876,5.1,0.5,5.4,0.1423418332,174,2867,4.9,0.5,5.2,0.1323174942,282,2885,8.6,0.6,7.7,0.1740288112,445,2874,14.8,0.8,15.5,0.2489108411,91,576,22.4,2.8,21.1,0.683113719,822,2873,18.7,0.8,21.8,0.2235318975,197,2888,11.3,0.9,9.8,0.2718125138,324,2609,11.4,0.8,11.9,0.2449268988,1745,2892,53.8,1.2,51.8,0.3466066631,261,2881,11,0.8,12,0.2507097598,227,2876,11.2,0.9,12,0.2576709594,284,2888,11.8,0.8,10.8,0.2328670456
20020,Lincoln,ME,58,350,21.9,3.1,20.6,0.3076993067,132,341,38.2,3.2,28.5,0.3157733035,126,172,73,4.2,60.6,0.4760612294,52,172,29.4,4.3,26.5,0.447828905,13,342,3.7,1.1,7.1,0.1886627774,93,189,42.8,4.5,33,0.4277066342,97,167,51.3,4.9,40.5,0.4788523038,66,353,16.4,2.3,9.6,0.1805805997,20,352,5.8,1.5,2.8,0.101079311,32,349,7.4,1.5,5.4,0.1423418332,35,349,8.6,1.6,5.2,0.1323174942,42,351,10.7,1.9,7.7,0.1740288112,105,347,28.3,3,15.5,0.2489108411,13,93,13.2,4.3,21.1,0.683113719,122,353,26.5,2.7,21.8,0.2235318975,32,352,16.7,3.1,9.8,0.2718125138,63,317,17.3,2.8,11.9,0.2449268988,207,353,49.1,3.3,51.8,0.3466066631,52,350,17.4,2.6,12,0.2507097598,45,351,18.5,3,12,0.2576709594,35,353,10.2,2,10.8,0.2328670456
20021,Machias,ME,167,808,24.4,2.4,20.6,0.3076993067,228,777,29.3,2.3,28.5,0.3157733035,246,411,64.5,3.2,60.6,0.4760612294,126,401,32.2,3.4,26.5,0.447828905,55,785,7.2,1.4,7.1,0.1886627774,190,431,37.9,3.1,33,0.4277066342,187,377,44.8,3.4,40.5,0.4788523038,91,812,8.6,1.1,9.6,0.1805805997,24,812,2.5,0.6,2.8,0.101079311,57,809,6.3,1.1,5.4,0.1423418332,56,806,5,0.8,5.2,0.1323174942,95,807,8.3,1.1,7.7,0.1740288112,183,807,22.1,2.1,15.5,0.2489108411,29,190,13.2,2.9,21.1,0.683113719,300,810,25.7,1.8,21.8,0.2235318975,56,811,12,2,9.8,0.2718125138,128,723,16.3,2.1,11.9,0.2449268988,496,812,56.4,2.5,51.8,0.3466066631,98,810,16.4,2,12,0.2507097598,104,808,18.1,2.3,12,0.2576709594,74,810,12.2,1.7,10.8,0.2328670456
20022,Millinocket,ME,50,299,20.7,3.2,20.6,0.3076993067,106,293,39.8,3.5,28.5,0.3157733035,98,152,64,5.1,60.6,0.4760612294,38,148,25.5,4.4,26.5,0.447828905,15,286,4.2,1.3,7.1,0.1886627774,88,167,45.6,4.9,33,0.4277066342,81,151,44.9,4.9,40.5,0.4788523038,47,304,13.9,2.3,9.6,0.1805805997,18,302,4.8,1.2,2.8,0.101079311,23,302,7.4,1.8,5.4,0.1423418332,28,302,8.2,1.7,5.2,0.1323174942,30,303,9.7,2,7.7,0.1740288112,65,303,22.1,3,15.5,0.2489108411,12,88,22.3,6.9,21.1,0.683113719,104,301,24.3,2.6,21.8,0.2235318975,16,304,6.3,2,9.8,0.2718125138,42,279,12.6,2.4,11.9,0.2449268988,175,304,52.2,3.6,51.8,0.3466066631,44,302,19.8,3.1,12,0.2507097598,21,304,8.3,2.1,12,0.2576709594,43,304,17.6,3,10.8,0.2328670456
20023,Norway,ME,158,777,26.1,2.2,20.6,0.3076993067,231,750,30,2,28.5,0.3157733035,226,366,63.8,3.2,60.6,0.4760612294,108,360,27.1,3,26.5,0.447828905,52,754,6.1,1,7.1,0.1886627774,156,389,32.8,3,33,0.4277066342,170,362,42.4,3.4,40.5,0.4788523038,100,778,10.1,1.2,9.6,0.1805805997,31,779,3.2,0.7,2.8,0.101079311,56,775,5.3,0.8,5.4,0.1423418332,55,772,5.5,0.9,5.2,0.1323174942,95,774,11,1.3,7.7,0.1740288112,159,776,19.7,1.7,15.5,0.2489108411,21,156,18.1,4.4,21.1,0.683113719,287,776,24.4,1.7,21.8,0.2235318975,49,780,11.3,2,9.8,0.2718125138,112,709,16.2,2,11.9,0.2449268988,441,780,49.6,2.3,51.8,0.3466066631,82,776,15.1,1.9,12,0.2507097598,66,779,13.8,2,12,0.2576709594,71,776,12,1.7,10.8,0.2328670456
20024,Pittsfield,ME,105,478,28.6,2.9,20.6,0.3076993067,155,464,34.2,2.8,28.5,0.3157733035,148,229,68.6,3.8,60.6,0.4760612294,76,225,33.5,4,26.5,0.447828905,26,462,6.3,1.5,7.1,0.1886627774,101,250,31.3,3.5,33,0.4277066342,101,224,40,4,40.5,0.4788523038,62,481,9.6,1.4,9.6,0.1805805997,20,481,3.4,1.1,2.8,0.101079311,38,478,5.9,1.3,5.4,0.1423418332,31,474,5.2,1.3,5.2,0.1323174942,51,478,9.1,1.6,7.7,0.1740288112,101,478,20.1,2.2,15.5,0.2489108411,15,101,21.7,5.8,21.1,0.683113719,154,481,21.4,2,21.8,0.2235318975,38,481,10.9,2.1,9.8,0.2718125138,69,435,14.2,2.1,11.9,0.2449268988,287,482,50.7,2.9,51.8,0.3466066631,53,479,14,2.2,12,0.2507097598,60,480,15.7,2.3,12,0.2576709594,48,481,10.8,1.9,10.8,0.2328670456
20025,Portland,ME,738,5654,16.8,0.7,20.6,0.3076993067,1274,5498,24.1,0.8,28.5,0.3157733035,1567,2936,55.5,1.2,60.6,0.4760612294,586,2802,20.5,1.1,26.5,0.447828905,420,5529,8.1,0.5,7.1,0.1886627774,1108,3054,28.8,1,33,0.4277066342,1156,2781,36.5,1.2,40.5,0.4788523038,562,5703,8.4,0.4,9.6,0.1805805997,178,5700,2.7,0.3,2.8,0.101079311,292,5694,4.4,0.3,5.4,0.1423418332,298,5675,4,0.3,5.2,0.1323174942,355,5683,5.4,0.4,7.7,0.1740288112,712,5686,12,0.6,15.5,0.2489108411,182,1107,20.7,1.7,21.1,0.683113719,1828,5685,19.5,0.5,21.8,0.2235318975,183,5702,7.1,0.7,9.8,0.2718125138,474,5165,8.9,0.6,11.9,0.2449268988,3386,5712,50.8,0.9,51.8,0.3466066631,383,5699,9.4,0.6,12,0.2507097598,436,5689,11,0.6,12,0.2576709594,448,5695,9.8,0.6,10.8,0.2328670456
20026,Presque Isle,ME,127,689,25.6,2.4,20.6,0.3076993067,228,673,34.8,2.3,28.5,0.3157733035,245,353,68.8,3.1,60.6,0.4760612294,113,348,32.9,3.2,26.5,0.447828905,24,679,4.5,1,7.1,0.1886627774,176,368,41.7,3.3,33,0.4277066342,173,331,47.6,3.6,40.5,0.4788523038,129,693,16,1.6,9.6,0.1805805997,32,690,4.4,1,2.8,0.101079311,63,689,8.5,1.3,5.4,0.1423418332,65,689,7.5,1.1,5.2,0.1323174942,84,688,11.4,1.5,7.7,0.1740288112,139,691,19.8,1.9,15.5,0.2489108411,19,176,16.6,4.2,21.1,0.683113719,216,690,20.6,1.6,21.8,0.2235318975,70,693,16.3,2.2,9.8,0.2718125138,131,636,18.6,2,11.9,0.2449268988,394,693,50.1,2.4,51.8,0.3466066631,62,691,11.4,1.7,12,0.2507097598,69,690,14,1.9,12,0.2576709594,79,692,14.6,1.9,10.8,0.2328670456
20027,Rockland,ME,283,2307,16.6,1.3,20.6,0.3076993067,514,2239,22.8,1.3,28.5,0.3157733035,607,1217,53.7,2,60.6,0.4760612294,273,1182,22.3,1.6,26.5,0.447828905,184,2276,7.7,0.8,7.1,0.1886627774,484,1277,30.7,1.7,33,0.4277066342,480,1130,37.8,2,40.5,0.4788523038,225,2333,8.2,0.8,9.6,0.1805805997,79,2335,2.1,0.3,2.8,0.101079311,129,2330,4.7,0.5,5.4,0.1423418332,167,2319,5.7,0.6,5.2,0.1323174942,182,2321,6.4,0.6,7.7,0.1740288112,351,2327,14.2,1,15.5,0.2489108411,73,484,18.5,2.7,21.1,0.683113719,909,2322,25.7,1.1,21.8,0.2235318975,95,2334,8.5,1.1,9.8,0.2718125138,227,2104,9.9,1.1,11.9,0.2449268988,1429,2337,52.7,1.5,51.8,0.3466066631,255,2336,13.8,1.1,12,0.2507097598,186,2330,11.2,1.1,12,0.2576709594,227,2331,12.1,1.1,10.8,0.2328670456
20028,Rumford,ME,84,436,21.8,2.7,20.6,0.3076993067,157,424,35.8,3,28.5,0.3157733035,139,218,66.2,4.1,60.6,0.4760612294,66,211,34.4,4.4,26.5,0.447828905,21,427,6.6,1.7,7.1,0.1886627774,101,236,38.3,4,33,0.4277066342,114,211,53.2,4.4,40.5,0.4788523038,61,441,11.6,1.8,9.6,0.1805805997,13,442,2.1,0.8,2.8,0.101079311,29,440,6.6,1.5,5.4,0.1423418332,27,439,5,1.1,5.2,0.1323174942,60,441,9.6,1.5,7.7,0.1740288112,91,438,17.9,2.2,15.5,0.2489108411,20,100,29.8,6.3,21.1,0.683113719,136,440,19.7,2,21.8,0.2235318975,29,442,12.8,2.9,9.8,0.2718125138,74,395,21.1,2.8,11.9,0.2449268988,257,442,52.4,3.2,51.8,0.3466066631,47,441,13,2.2,12,0.2507097598,43,442,13.6,2.3,12,0.2576709594,51,442,15.3,2.4,10.8,0.2328670456
20029,Sanford,ME,214,1136,23.2,1.7,20.6,0.3076993067,345,1104,31.1,1.8,28.5,0.3157733035,350,580,64,2.5,60.6,0.4760612294,171,564,30.5,2.6,26.5,0.447828905,74,1107,8.4,1.2,7.1,0.1886627774,236,613,31.9,2.3,33,0.4277066342,235,538,40.6,2.7,40.5,0.4788523038,132,1151,7.6,0.8,9.6,0.1805805997,36,1148,1.8,0.4,2.8,0.101079311,60,1148,4.2,0.7,5.4,0.1423418332,69,1148,3.8,0.6,5.2,0.1323174942,130,1146,9.2,1,7.7,0.1740288112,197,1149,16.7,1.4,15.5,0.2489108411,40,236,24.5,3.9,21.1,0.683113719,341,1145,17.9,1.1,21.8,0.2235318975,84,1151,12.8,1.6,9.8,0.2718125138,121,1018,10.2,1.2,11.9,0.2449268988,668,1152,50.7,1.9,51.8,0.3466066631,113,1148,12.7,1.3,12,0.2507097598,103,1151,12,1.4,12,0.2576709594,108,1150,12,1.3,10.8,0.2328670456
20030,Skowhegan,ME,172,845,27.2,2.1,20.6,0.3076993067,282,830,33.8,2.1,28.5,0.3157733035,271,410,68.8,2.8,60.6,0.4760612294,152,399,37.9,3,26.5,0.447828905,45,823,6.2,1.1,7.1,0.1886627774,178,443,35.3,2.8,33,0.4277066342,196,393,47.9,3.1,40.5,0.4788523038,124,855,12.4,1.3,9.6,0.1805805997,37,856,2.7,0.6,2.8,0.101079311,78,853,7.6,1,5.4,0.1423418332,76,846,7.6,1,5.2,0.1323174942,113,847,11.8,1.4,7.7,0.1740288112,192,850,23.1,2,15.5,0.2489108411,37,178,27.6,4.8,21.1,0.683113719,281,852,21.9,1.5,21.8,0.2235318975,85,851,17.7,2,9.8,0.2718125138,144,778,17.6,1.8,11.9,0.2449268988,470,856,50.3,2.2,51.8,0.3466066631,112,852,16.3,1.7,12,0.2507097598,83,848,12.7,1.6,12,0.2576709594,91,854,12.8,1.5,10.8,0.2328670456
20031,Waterville,ME,358,1913,23.1,1.4,20.6,0.3076993067,574,1873,30.6,1.4,28.5,0.3157733035,579,956,64.2,2.1,60.6,0.4760612294,264,932,27.3,1.9,26.5,0.447828905,96,1870,5.2,0.7,7.1,0.1886627774,382,1009,31.9,1.9,33,0.4277066342,403,893,40.6,2.1,40.5,0.4788523038,223,1935,9.2,0.7,9.6,0.1805805997,48,1927,1.9,0.4,2.8,0.101079311,112,1928,5.4,0.6,5.4,0.1423418332,119,1922,4.8,0.6,5.2,0.1323174942,160,1925,7.3,0.7,7.7,0.1740288112,328,1918,16.6,1.1,15.5,0.2489108411,70,379,20.7,2.8,21.1,0.683113719,556,1926,19.2,1,21.8,0.2235318975,99,1934,10.2,1.2,9.8,0.2718125138,232,1742,13.8,1.2,11.9,0.2449268988,1137,1936,52.8,1.5,51.8,0.3466066631,190,1933,12.8,1.1,12,0.2507097598,179,1925,11.5,1.1,12,0.2576709594,160,1935,10.3,1,10.8,0.2328670456
20033,York,ME,98,1001,12.5,1.6,20.6,0.3076993067,202,973,21,1.7,28.5,0.3157733035,267,533,52.7,2.8,60.6,0.4760612294,115,516,24.5,2.6,26.5,0.447828905,75,967,7.8,1.1,7.1,0.1886627774,198,560,30.9,2.5,33,0.4277066342,207,516,38,2.8,40.5,0.4788523038,86,1009,7.7,1,9.6,0.1805805997,32,1007,2.3,0.6,2.8,0.101079311,58,1003,4.1,0.7,5.4,0.1423418332,66,1007,5.8,0.9,5.2,0.1323174942,73,1006,5.5,0.8,7.7,0.1740288112,108,1009,9.1,1.1,15.5,0.2489108411,33,197,24.7,4.6,21.1,0.683113719,402,1004,29.2,1.7,21.8,0.2235318975,25,1008,4.7,1.1,9.8,0.2718125138,54,895,4.4,0.8,11.9,0.2449268988,616,1010,51.7,2.1,51.8,0.3466066631,84,1007,10.6,1.4,12,0.2507097598,66,1007,9.5,1.4,12,0.2576709594,85,1008,9.6,1.2,10.8,0.2328670456
